<?xml version="1.0" encoding="UTF-8"?>
<templates id="template" xml:space="preserve">
    <t t-name="point_of_sale.CustomerButton">
        <div class="control-button customer-button btn rounded-0 fw-bolder text-truncate" t-attf-class="{{this.partner ? 'btn-primary' : 'btn-light'}}"
         t-on-click="() => this.pos.selectPartner()">
            <i class="fa fa-user me-1" role="img" aria-label="Customer" title="Customer" />
            <t t-esc="this.partner.name" t-if="this.partner" />
            <t t-else="">
                Customer
            </t>
        </div>
    </t>
</templates>
