<?xml version="1.0" encoding="UTF-8"?>
<templates id="template" xml:space="preserve">

    <t t-name="point_of_sale.ConfirmPopup">
        <div class="popup popup-confirm">
            <div class="modal-header">
                <h4 class="modal-title title drag-handle">
                    <t t-esc="props.title" />
                </h4>
            </div>
            <main class="modal-body">
                <t t-esc=" props.body" />
            </main>
            <footer class="footer modal-footer">
                <div class="button confirm btn btn-lg btn-primary" t-on-click="confirm">
                    <t t-esc="props.confirmText" />
                </div>
                <div class="button cancel btn btn-lg btn-secondary" t-on-click="cancel">
                    <t t-esc="props.cancelText" />
                </div>
            </footer>
        </div>
    </t>

</templates>
